{
  "Months_As_Customer": 0.3919418156147003,
  "Marital_Status_Widow": 0.31593629717826843,
  "Education_Basic": 0.31257015466690063,
  "NumStorePurchases": 0.20674251019954681,
  "Total_Spent": 0.19726450741291046,
  "AcceptedCmpOverall": 0.19491085410118103,
  "MntFishProducts": 0.1827077716588974,
  "NumDealsPurchases": 0.17795728147029877,
  "Marital_Status_Together": 0.16399052739143372,
  "MntSweetProducts": 0.1564105898141861,
  "NumWebPurchases": 0.1408221423625946,
  "MntMeatProducts": 0.08297014236450195,
  "Recency": 0.07561224699020386,
  "Education_2n Cycle": 0.07034669816493988,
  "Age": 0.06987489759922028,
  "NumCatalogPurchases": 0.05412447080016136,
  "Total_Kids": 0.022410374134778976,
  "MntGoldProds": 0.020025433972477913,
  "NumWebVisitsMonth": 0.0,
  "MntFruits": 0.0,
  "Education_Graduation": 0.0,
  "Education_Master": 0.0,
  "Education_PhD": 0.0,
  "Marital_Status_Divorced": 0.0,
  "Marital_Status_Married": 0.0,
  "Marital_Status_Single": 0.0,
  "Marital_Status_YOLO": 0.0
}